{
  "Decision Tree": {
    "accuracy": 0.9596977329974811,
    "precision": 0.9585253456221198,
    "recall": 0.9674418604651163,
    "f1": 0.9629629629629629
  },
  "CNN": {
    "accuracy": 0.8136020151133502,
    "precision": 1.0,
    "recall": 0.6558139534883721,
    "f1": 0.7921348314606742
  },
  "Bi-GRU": {
    "accuracy": 0.8136020151133502,
    "precision": 1.0,
    "recall": 0.6558139534883721,
    "f1": 0.7921348314606742
  },
  "Fusion": {
    "accuracy": 1.0,
    "precision": 1.0,
    "recall": 1.0,
    "f1": 1.0
  }
}