{
  "Decision Tree": {
    "accuracy": 0.9596977329974811,
    "precision": 0.9585253456221198,
    "recall": 0.9674418604651163,
    "f1": 0.9629629629629629
  },
  "CNN": {
    "accuracy": 0.8136020151133502,
    "precision": 1.0,
    "recall": 0.6558139534883721,
    "f1": 0.7921348314606742
  },
  "Bi-GRU": {
    "accuracy": 0.7153652392947103,
    "precision": 1.0,
    "recall": 0.4744186046511628,
    "f1": 0.6435331230283912
  },
  "Fusion": {
    "accuracy": 0.9924433249370277,
    "precision": 0.9953271028037384,
    "recall": 0.9906976744186047,
    "f1": 0.993006993006993
  }
}