{
  "model_performance": {
    "CNN": {
      "accuracy": 0.8136020151133502,
      "precision": 1.0,
      "recall": 0.6558139534883721,
      "f1": 0.7921348314606742,
      "roc_auc": 0.9114362381804242,
      "confusion_matrix": [
        [
          182,
          0
        ],
        [
          74,
          141
        ]
      ]
    },
    "Bi-GRU": {
      "accuracy": 0.8136020151133502,
      "precision": 1.0,
      "recall": 0.6558139534883721,
      "f1": 0.7921348314606742,
      "roc_auc": 0.9111167901865576,
      "confusion_matrix": [
        [
          182,
          0
        ],
        [
          74,
          141
        ]
      ]
    },
    "Decision Tree": {
      "accuracy": 0.9596977329974811,
      "precision": 0.9585253456221198,
      "recall": 0.9674418604651163,
      "f1": 0.9629629629629629,
      "roc_auc": 0.990914899054434,
      "confusion_matrix": [
        [
          173,
          9
        ],
        [
          7,
          208
        ]
      ]
    },
    "Late Fusion": {
      "accuracy": 0.9622166246851386,
      "precision": 0.9587155963302753,
      "recall": 0.9720930232558139,
      "f1": 0.9653579676674365,
      "roc_auc": 0.9918349092767698,
      "confusion_matrix": [
        [
          173,
          9
        ],
        [
          6,
          209
        ]
      ]
    }
  },
  "mcnemar_test": {
    "Late Fusion vs CNN": {
      "statistic": 43.688311688311686,
      "p_value": 3.8506468077597356e-11
    },
    "Late Fusion vs Bi-GRU": {
      "statistic": 43.688311688311686,
      "p_value": 3.8506468077597356e-11
    },
    "Late Fusion vs DT": {
      "statistic": 0.0,
      "p_value": 1.0
    }
  },
  "delong_test": {
    "Late Fusion vs CNN": {
      "auc_a": 0.9918349092767696,
      "auc_b": 0.9114362381804243,
      "z": 7.737191531375151,
      "p_value": 1.021405182655144e-14
    },
    "Late Fusion vs Bi-GRU": {
      "auc_a": 0.9918349092767696,
      "auc_b": 0.9111167901865577,
      "z": 7.646864315635207,
      "p_value": 2.0650148258027912e-14
    },
    "Late Fusion vs DT": {
      "auc_a": 0.9918349092767696,
      "auc_b": 0.990914899054434,
      "z": 0.7369063470354736,
      "p_value": 0.46117930398179885
    }
  }
}