{
  "model_performance": {
    "CNN": {
      "accuracy": 0.8136020151133502,
      "precision": 1.0,
      "recall": 0.6558139534883721,
      "f1": 0.7921348314606742,
      "roc_auc": 0.9114362381804242,
      "confusion_matrix": [
        [
          182,
          0
        ],
        [
          74,
          141
        ]
      ]
    },
    "Bi-GRU": {
      "accuracy": 0.7153652392947103,
      "precision": 1.0,
      "recall": 0.4744186046511628,
      "f1": 0.6435331230283912,
      "roc_auc": 0.8405826731408126,
      "confusion_matrix": [
        [
          182,
          0
        ],
        [
          113,
          102
        ]
      ]
    },
    "Decision Tree": {
      "accuracy": 0.9596977329974811,
      "precision": 0.9585253456221198,
      "recall": 0.9674418604651163,
      "f1": 0.9629629629629629,
      "roc_auc": 0.990914899054434,
      "confusion_matrix": [
        [
          173,
          9
        ],
        [
          7,
          208
        ]
      ]
    },
    "Late Fusion": {
      "accuracy": 0.9622166246851386,
      "precision": 0.9587155963302753,
      "recall": 0.9720930232558139,
      "f1": 0.9653579676674365,
      "roc_auc": 0.9921160235113724,
      "confusion_matrix": [
        [
          173,
          9
        ],
        [
          6,
          209
        ]
      ]
    }
  },
  "mcnemar_test": {
    "Late Fusion vs CNN": {
      "statistic": 43.688311688311686,
      "p_value": 3.8506468077597356e-11
    },
    "Late Fusion vs Bi-GRU": {
      "statistic": 81.11206896551724,
      "p_value": 2.1327348796065554e-19
    },
    "Late Fusion vs DT": {
      "statistic": 0.0,
      "p_value": 1.0
    }
  },
  "delong_test": {
    "Late Fusion vs CNN": {
      "auc_a": 0.9921160235113723,
      "auc_b": 0.9114362381804243,
      "z": 7.756218601909465,
      "p_value": 8.659739592076221e-15
    },
    "Late Fusion vs Bi-GRU": {
      "auc_a": 0.9921160235113723,
      "auc_b": 0.8405826731408129,
      "z": 8.820344239950762,
      "p_value": 0.0
    },
    "Late Fusion vs DT": {
      "auc_a": 0.9921160235113723,
      "auc_b": 0.990914899054434,
      "z": 0.9545256292894445,
      "p_value": 0.33981764244191437
    }
  }
}