{
  "accuracy": 0.5874439461883408,
  "precision": 0.5888888888888889,
  "recall": 0.49074074074074076,
  "f1": 0.5353535353535354,
  "roc_auc": 0.5880032206119162,
  "confusion_matrix": [
    [
      78,
      37
    ],
    [
      55,
      53
    ]
  ],
  "train_samples": 888,
  "test_samples": 223
}